group,weight,mean_income,theil_within,group_variable
9111,3914602.48839807,1349.5318473654202,0.1929274712550592,occupation
4110,3836980.85043544,2956.106292039745,0.25724468355478203,occupation
5223,3589900.03548287,2166.607667581564,0.17017863728213525,occupation
5221,3217584.23401134,4152.792693868725,0.4775447280749786,occupation
9112,2784711.76079787,1826.1743108757728,0.09272100191152352,occupation
7112,2695851.92784956,2649.4257110784047,0.2047757615380986,occupation
8322,2149570.79427698,2973.173188993191,0.1729823931411581,occupation
6111,2039652.8498376,2521.1774256742406,0.7311147467320064,occupation
8332,2017116.97154191,3626.1140110124015,0.22251892506835746,occupation
9313,1719027.93801199,1556.6439740481308,0.1663140274342923,occupation
5120,1545001.09472326,2147.896668712193,0.22891015344714616,occupation
2341,1488103.02378275,4409.453173878678,0.15255417804087235,occupation
5142,1423666.00279617,2181.5987286098966,0.3745184075986828,occupation
7231,1377066.45814616,2959.682958323767,0.26564175972285037,occupation
5414,1332754.77745464,2536.174608874184,0.12079026296318474,occupation
6121,1313714.50379733,2987.708331154821,0.5935294985534182,occupation
9211,1230077.03485022,1293.4424904257714,0.21537097749975556,occupation
3221,1162559.42251963,3157.489319173764,0.10465433020648929,occupation
5141,1139153.72010663,2597.13466603297,0.295905526835122,occupation
8321,1111533.25026591,2023.8890863863337,0.15938279369405967,occupation
2611,1110566.6313682,9325.25113680475,0.45480753852533257,occupation
4226,1103305.42859731,2018.1030701814311,0.1612475906883033,occupation
5230,1086789.80091906,1859.450546143898,0.04653142119148591,occupation
5243,1081210.0521607,2688.4983810083345,0.44461720311711495,occupation
4321,1077251.09280834,2316.0333095140445,0.08439591399571113,occupation
5311,978696.38479458,1619.9035932872698,0.25794959442932586,occupation
7512,892610.9719039,2035.0533659720727,0.2232932160538067,occupation
2342,851723.37099562,3814.9471806491965,0.16091849962650806,occupation
5153,844548.28147974,2213.3613141390947,0.0646113083502961,occupation
9333,823370.1813989,2105.582263947281,0.3693057639920013,occupation
9412,775770.79307048,1703.307568475927,0.10336009866474628,occupation
9334,742454.85382464,1785.0725977791715,0.08508014272266763,occupation
8153,726647.85242741,1990.2177017181568,0.20859877410793806,occupation
5322,710613.40180004,1661.749906712335,0.1536880062954482,occupation
9329,688430.03817398,2258.7631666272023,0.09183350245722877,occupation
2330,680302.02270887,5510.410276382853,0.14716037768472848,occupation
6112,666603.99466031,2072.2295601080123,0.3061092668013009,occupation
7131,649009.37591804,2538.835564682564,0.1973405696736272,occupation
2411,640732.48662686,8143.502040718208,0.33823870090519953,occupation
7233,603343.6837078,3977.7063199737936,0.1918678516538094,occupation
7511,580708.65000319,2271.396318826522,0.10218279010458652,occupation
2221,580308.54774627,5580.15937318647,0.15676245462973568,occupation
5249,562617.29141028,2980.385631213017,0.6617913925862484,occupation
1420,559533.20322096,5965.2907280863965,0.3861385039996004,occupation
2421,555172.12189858,8764.278159594798,0.38162127996849776,occupation
1219,527105.5108253,9802.336421361282,0.40588614172099025,occupation
5312,507803.12746281,1949.953300356996,0.13020231911326294,occupation
9212,478827.37268919003,1254.7427124138671,0.21687338848435408,occupation
2431,478678.50413244,6006.785419777256,0.33015138557577894,occupation
5131,478585.04948694,1779.4311640600135,0.14378054535662008,occupation
4120,474683.04149711,2702.0101142244625,0.18591995711443607,occupation
3341,471419.44635902,5273.208460641192,0.23607685884639854,occupation
5246,459577.02937368,1581.5720418900532,0.11096378774331635,occupation
7531,458897.5842062,1813.116903649071,0.42666330936236446,occupation
3253,457814.86487582,3466.6203425553135,0.09869306409091065,occupation
8331,456416.15406406,3115.8190209413574,0.09223031085859408,occupation
2634,453534.58821251,5660.702203943763,0.24686642729028763,occupation
7411,438689.38447121,2879.058847837003,0.18007868014193554,occupation
7213,433290.30076183,3083.610668473812,0.24867251526609677,occupation
3411,426423.61644872,7190.5497561375105,0.5274625817672672,occupation
4222,416885.47094802,1983.8826668111149,0.11429780434194946,occupation
2511,415968.7607568,9427.044488367543,0.23715770008244452,occupation
3423,414594.63931254,3522.4703902124897,0.32233119428709756,occupation
5211,412782.4433565,1948.1143367506243,0.4002635198306542,occupation
2212,409320.57507415,19292.810581857895,0.26674368098937534,occupation
1221,406342.57271141,12085.876203854694,0.47209702201600334,occupation
3334,400421.72429638,5707.986405635815,0.31094954591942764,occupation
2261,393535.2815019,7974.280323612642,0.3384626890462936,occupation
0412,389680.84417541,7322.979758604244,0.09905756309925966,occupation
7522,389101.93001614,3191.430232377643,0.3206793595112854,occupation
5222,379527.23689918,3231.368523612443,0.1463491572463467,occupation
2351,370541.52028385,5399.788747104994,0.25312711312979064,occupation
8341,363152.78610075,2927.672612790565,0.0949566829208332,occupation
5244,344455.88824679,3558.7740765619574,0.35667204285225024,occupation
5245,338240.97015019,2161.783534192058,0.06597326133432224,occupation
7412,328525.50971813,2909.775159933246,0.21529534769207967,occupation
2310,324815.81991459,12046.959232660074,0.17272360086413835,occupation
8344,322122.29709772,2701.9588810871087,0.05981876562736763,occupation
2264,318681.9764868,4962.66164523136,0.19506057196080465,occupation
9122,318497.01684029,2057.8254113750254,0.27024852370707736,occupation
7212,310358.09134406,2866.5210633771485,0.11872283625895678,occupation
3343,301654.38832178,5229.875036055336,0.40929130726667995,occupation
8342,301506.08649539,3192.5511990358887,0.13641363252422725,occupation
3322,300939.26192089,6414.625648845508,0.35501857815494764,occupation
2142,292322.44605251,9902.098112930382,0.3122627999190905,occupation
7223,291591.12369788,3168.9658289558547,0.09769464383033927,occupation
9612,290865.32150037,1670.4789438456785,0.9909309895932507,occupation
5212,288654.39144539,1645.6588584162714,0.4168769536068782,occupation
4311,285829.29666556,3129.4263159155544,0.17622859584348854,occupation
2423,282434.51767728,4925.611956038187,0.2521638328613569,occupation
7422,280934.8098538,2821.0614482848073,0.2358123524225726,occupation
3122,279981.38158167,4570.271942829773,0.17038195220143718,occupation
9611,273260.40178069,1862.018358191447,0.07077146435745874,occupation
6225,269951.931894,1063.9633358845049,0.5530344144519211,occupation
3513,269266.10086354,4106.08905991139,0.26493407546901326,occupation
1346,260669.8583817,11491.918684193337,0.32947871292523156,occupation
0210,256575.21899464,4368.5141619851165,0.2173469336388729,occupation
8160,251520.82655543,1902.6400674941617,0.2817687129765965,occupation
2262,246391.09708887,5719.614046635834,0.20714674335769065,occupation
2211,245907.69924483,12550.540803705795,0.199390297472967,occupation
2512,243198.00104516,10202.340448869678,0.3517896706080564,occupation
3339,242923.03215335,3940.8349294658274,0.2793233699562227,occupation
9629,240786.06102295,1351.7681522779799,0.3288276463579424,occupation
2642,239030.15675017,4922.186050469087,0.41544953431780324,occupation
1412,238398.63797771,6186.989410238281,0.3365246605206896,occupation
1321,236891.16787313,7905.00871250564,0.25826646732266134,occupation
2413,233813.05004061,6970.119065125646,0.3179963994529014,occupation
3511,228432.1075964,4099.509995707791,0.32116763072445664,occupation
7543,222668.02741122,3231.196294445937,0.1728668742178671,occupation
9321,215029.24148497,1943.1108971803799,0.08478921530181233,occupation
3115,214570.7662641,4403.175588615615,0.2971552185787675,occupation
3113,207652.69468806,3799.580361959961,0.15625579543219661,occupation
2359,206827.24636012,2699.9577095784516,0.6617564606937603,occupation
7119,204032.34714202,2135.096732685614,0.23758963139325717,occupation
3257,203011.57832504,4792.806820563274,0.24089421111830023,occupation
9520,202662.23040685,2026.3299203755685,0.35572691836962783,occupation
8219,197637.56147787,2367.9541286652093,0.13492484117478065,occupation
7318,194020.54618515,1205.9430194368247,0.3638400327834366,occupation
7115,190303.44590633,2392.1036824701764,0.21264509432935924,occupation
3321,186099.56500817,5397.9276014881025,0.3394891818453061,occupation
3332,185262.94610864,5171.045224828852,0.4109370146137468,occupation
7126,184076.28389764,3177.671972581014,0.3955377512370885,occupation
7132,180464.99968387,2908.138150806907,0.12511292695191067,occupation
3123,171236.21593811,4805.940523900432,0.18616268040862746,occupation
3323,170423.67359353,5354.831961360737,0.18265834590221777,occupation
2619,167669.29318292,13703.883693588037,0.23992155807502324,occupation
3313,167353.98935025,4727.08555508203,0.2917028379086914,occupation
8141,166542.48052755,2542.700877580001,0.247013139215298,occupation
5132,166281.85424505,1800.0515322415106,0.3421395832341576,occupation
2161,164662.67411639,7040.691397601186,0.35277630337477867,occupation
1330,162993.26762521,13569.752465959533,0.22806061724216856,occupation
2250,160628.64904678,6610.375892243987,0.4491284513840414,occupation
2166,159439.77564764,4514.044009656039,0.30742848677949153,occupation
2635,158045.38599562,4315.575263730074,0.24051391987452678,occupation
8142,157162.71738338,2567.3053601023466,0.07534275337100675,occupation
5164,156432.78866086,2909.6118247218606,0.29047037602856624,occupation
2265,155449.99568916,4881.518825962199,0.3726717178782015,occupation
5412,154409.35267617,7371.821122769586,0.21949519189568312,occupation
1345,147204.42970383,6831.4171782072035,0.1538148732161755,occupation
5242,147150.08251563,2137.6534246230676,0.06767176829478495,occupation
3431,146958.28450188,3811.3857461844023,0.2742592925191246,occupation
9215,145910.90075706,1233.5362388055942,0.32358619794917975,occupation
8183,145445.01639337,2331.407553244954,0.04906232026209999,occupation
4323,145369.33433151,3071.3534277172143,0.20877148125079967,occupation
3521,144529.04679389,3824.204853727505,0.2816044180351276,occupation
9411,143548.95861134,2202.8733790176257,0.30195081091153303,occupation
7533,143406.79075051,1212.1838029812034,0.4216770961685924,occupation
7123,142647.53203308,3624.3535454100097,0.7197354223392284,occupation
3119,141621.43818735,3716.022769000324,0.28217976811033224,occupation
6122,140300.48915724,2677.0252419558647,0.7840111829063621,occupation
3112,139350.66568674,4093.8956197685648,0.21573753353815966,occupation
7214,139039.55893084,2618.4159795606456,0.07536023460608397,occupation
7536,137307.48909656,2010.0445994396678,0.10021231913308572,occupation
3114,135636.36382115,4112.805839652794,0.22407956154010888,occupation
1211,129635.98912142,13693.364666337375,0.4714274662405743,occupation
4229,128713.05916909,2216.678696633233,0.07428829579059111,occupation
1212,127857.33551378,9261.322327714117,0.3667931449479999,occupation
4312,126725.75630565001,4762.9462853555115,0.1620094914700124,occupation
2144,117212.2445246,12137.43957911231,0.2361423163405242,occupation
4225,114406.98780339,2511.7464710921454,0.34930897768742597,occupation
2320,111839.36838181,4450.922574291319,0.36646456336843425,occupation
2652,111339.72512545,3474.0487387437693,0.2984948707170623,occupation
1120,110297.50111861,22415.826972145627,0.5588590043237437,occupation
5413,108809.91951049,7260.519277081753,0.10930252450249675,occupation
3311,107819.00779065,7356.092712084669,0.2782437168428792,occupation
3251,106149.60785451,2231.018616363757,0.12066849256217466,occupation
8211,106103.21882309,2902.321727489294,0.10287531010886973,occupation
3412,105194.85345801,2929.1859060818133,0.20804276927089665,occupation
2353,105072.61850427,3603.607421001741,0.2759412538414886,occupation
7122,101004.05816492,3324.7156108332556,0.17114366968743105,occupation
8121,95834.54596226,3031.153397675961,0.050725538850950776,occupation
3512,95114.20280913,3495.8241380491445,0.2384409846594311,occupation
7534,93304.34546803,2629.880933819469,0.22534607881856591,occupation
8212,88475.30417693,2442.3316297136494,0.117507290258488,occupation
2636,88100.09415941,3439.0585922771334,0.2175571540853091,occupation
2151,87198.2834168,10916.459279380617,0.2355684527119859,occupation
1112,87144.7742931,7941.960428789072,0.29226360573153226,occupation
5321,85146.20159035,2546.6239095090364,0.09684887336864903,occupation
7127,84887.82596832,2646.8104057951837,0.21410205013997768,occupation
3344,83731.31629063,2237.6505861074747,0.1296989766932241,occupation
8172,83660.8266906,2374.431905009427,0.10570444015273271,occupation
1324,82282.59915135,10486.583092742334,0.41279432040255404,occupation
2269,80876.55619234,5144.620007829417,0.29601823749921674,occupation
2131,80192.82230685,7572.604525974216,0.6518843426182155,occupation
7113,79386.02398219,3140.125883105129,0.18919293547825813,occupation
7513,77713.92664377,1742.8585468513638,0.21934135196516952,occupation
7523,75940.02815782,2714.675525027367,0.11380555317849282,occupation
6210,75217.37952729,2347.141843330589,0.38005870685703047,occupation
8343,75016.47065208,3282.53412706822,0.11845015538231832,occupation
7413,74795.62658073,3382.575761769554,0.12068318626108222,occupation
4322,74731.15106345,2432.3720412527578,0.12099229209486495,occupation
7421,74651.72821449,2532.5030105272826,0.2709728286764,occupation
3355,74244.67810698,14251.602637915712,0.20845180320354234,occupation
3117,73971.5686311,4156.9047879879645,0.1875542682978714,occupation
7125,73852.60494283,2503.21765638883,0.11186879920372893,occupation
4224,73067.87540326,2300.5449307082513,0.06320328099881957,occupation
7322,72959.40354735,2441.667716198564,0.1644904166141325,occupation
8156,72486.55313634001,2028.8911840247322,0.04962396131116948,occupation
3212,71879.9942423,3474.5384422615457,0.21850636613216876,occupation
2132,71679.60036329,9107.102763700635,0.257790349226657,occupation
3211,71658.67548666,3724.333032013047,0.17885860294480735,occupation
4221,71370.18724708,5208.490463423201,0.24472486111208974,occupation
3213,70458.86675336,2396.558854382092,0.07931235132938166,occupation
9121,69842.50557345,1799.857082100643,0.21339340003374574,occupation
0110,69096.59864824,10723.102299065666,0.1642776923095838,occupation
4214,68896.66759378,1883.5852351036342,0.35926542270573014,occupation
1342,68071.11018605,8328.404990250734,0.4429345842247902,occupation
2149,65890.89017959,10364.396977948834,0.15334076790407644,occupation
7314,64860.8816768,2056.1951857517715,0.181155092295139,occupation
7317,64425.28648338,1665.679473128268,0.3340128063612875,occupation
4416,63684.39506962,2652.984748526705,0.07812692335008502,occupation
7222,63507.63419397,3600.5245341783175,0.2864583791591284,occupation
3434,63126.85453682,4380.715392454069,0.22271788571477147,occupation
2514,62949.84094299,7204.166918859888,0.17557974012181146,occupation
8350,62768.01847729,3887.1838840209125,0.30312279504013945,occupation
3118,62642.10585817,3832.4271793320913,0.12957169562283272,occupation
1311,62071.60001962,7986.250557517281,0.32086585601547046,occupation
0512,61354.83987183,7802.8363991204815,0.11050253171041921,occupation
3522,60358.87569435,3666.162664795684,0.17714751935741768,occupation
1323,60353.59772545,12483.472837550951,0.3270771960622343,occupation
4212,60256.98512017,1904.059530958732,0.3126032059540856,occupation
5112,59780.82142434,2486.037434198901,0.11283374719578115,occupation
9621,59665.57644231,1718.259257597461,0.20724089091140158,occupation
8122,58184.97947599,2938.88448345477,0.055531615474953847,occupation
8131,57468.88058802,2634.9813699339115,0.08310877246029218,occupation
3422,56296.72179051,3811.7013980359447,0.6572469367439661,occupation
5419,56095.26123386,4797.326536644606,0.2553127220020488,occupation
4412,55609.25419428,4394.5245283495115,0.06284458154652711,occupation
5329,55438.43006829,2251.831498594844,0.08886162282657678,occupation
3435,54407.51865841,2810.8615388366516,0.44991776568947583,occupation
1349,54317.29147236,12839.541336413216,0.3999794665976799,occupation
7319,54019.34009244,2041.7793453681466,0.41985698101169505,occupation
1111,53753.32308635,8674.400138354262,0.17007877987407927,occupation
8154,52877.90660915,2630.7631284747454,0.1111289453774439,occupation
8181,52740.65517402,2496.390883470727,0.08059521273043305,occupation
7234,52352.43888578,2207.8853314295593,0.3273070392555356,occupation
9214,52230.61327807,1408.913698643584,0.17025325547665604,occupation
3214,51084.90874805,3430.6110710219014,0.18575898174401856,occupation
7544,50509.2854497,2271.0657546810926,0.29958629361664135,occupation
7121,49110.18077893,2685.3488122919603,0.17684005594242608,occupation
3312,49044.78796025,4465.760924554312,0.24322809600744213,occupation
2433,48949.82005358,7487.95564989016,0.25917437328915016,occupation
1439,48456.95541218,6546.01925977922,0.23825548778109285,occupation
2521,48316.58332168,8157.164675720639,0.1312360445923819,occupation
2354,48301.87126599,3370.143890186935,0.18448587518835963,occupation
7111,47715.46793433,6390.820779221779,0.35065549618286906,occupation
3432,47035.57581053,4875.603512499092,0.3095812658424058,occupation
9312,47028.54296387,2191.5505281151804,0.09148912205774688,occupation
3116,46651.15397881,4110.979648835005,0.11236002140091107,occupation
7515,46587.21641988,2920.0803867159384,0.20655700006511146,occupation
8182,45750.67867744,2903.3490536377667,0.0923407924347138,occupation
3255,44983.25462317,2129.1091020242984,0.17529012713872458,occupation
2656,44004.26967233,3519.8286952186036,0.2696621118651476,occupation
5165,43443.42685928,2607.869346077506,0.06637478775675172,occupation
2641,43269.24788357,6355.971935410682,0.35344074650841667,occupation
5411,42752.39710693,3217.321817881469,0.16581794968544378,occupation
8152,42543.86298396,2442.818416724039,0.15088033892938552,occupation
4211,42373.9952153,5525.602480359391,0.22310733245898368,occupation
2352,41202.39115736,3994.082049243482,0.11878370688174571,occupation
2266,41080.51093066,6841.0198144500655,0.1537773636801752,occupation
7313,40701.84433993,2376.102764600977,0.27249314437838007,occupation
8143,39909.51083605,2587.334566101362,0.09594659045785878,occupation
3142,39635.02667869,4858.700727656625,0.2154862539055979,occupation
3342,39417.94452466,6678.694689584342,0.35914870843707375,occupation
2133,38919.87209537,5869.1174547074625,0.21382594048972378,occupation
4313,38902.92715369,4920.518755910548,0.0957875163209581,occupation
2141,38716.82089345,10886.30940544814,0.24744679958681948,occupation
9311,38685.06807541,3854.4389773453727,0.46045745263671467,occupation
1411,38643.93361108,6652.157023467108,0.4069797428801014,occupation
2355,38272.98707753,2549.9483848418236,0.23168002085320735,occupation
9623,38004.35871396,2242.0799249338033,0.06453974963769026,occupation
2432,36950.28044165,6758.038414771648,0.2917594399309035,occupation
1431,36691.21460788,9161.674345563917,0.3283095548008611,occupation
7532,36399.061166729996,1977.1841360388682,0.11465604917719656,occupation
2145,36327.1149285,10588.487015445015,0.19572595038629637,occupation
5151,36325.53982056,3040.1266230544534,0.21739570389657292,occupation
9331,36292.67303028,1311.3408249519882,0.15489869302828607,occupation
7124,35608.307723390004,2750.70519542624,0.06627138964048633,occupation
3352,35536.64393448,9618.262566836951,0.3073683765571765,occupation
4415,35118.27932026,2995.46316569045,0.16098229746503387,occupation
2152,34346.39353627,13921.61392200995,0.21775057803784884,occupation
3132,33559.65224164,3808.645300908849,0.1330706891677334,occupation
5113,32767.60571261,2893.963591127785,0.1732437516569827,occupation
8113,32415.8364759,3697.234757628616,0.2395632745406363,occupation
7514,32239.887033760002,1135.237620886329,0.4413115550067929,occupation
0411,32134.16152657,13924.20700504261,0.14284833905356903,occupation
3359,31742.47118851,8016.125510027238,0.40193893875504855,occupation
2522,31303.50581499,5962.56924271553,0.1894250789240939,occupation
3259,31214.450855439998,2754.1478192377713,0.3369127935954546,occupation
1223,30671.05040883,14799.904982929209,0.20224962443585465,occupation
2631,29814.94853772,14604.605135054087,0.24979652596430837,occupation
3230,29753.42116013,2817.892818658938,0.27964323182159456,occupation
5152,29254.78437058,3109.706719204071,0.15065852302130286,occupation
2163,29152.83652305,6086.218719439824,0.30164650882216015,occupation
9510,28977.52067556,1329.6454717614197,0.33260940109145687,occupation
2113,28792.01896666,6166.291626247661,0.1865938624670198,occupation
2143,28394.71752713,10990.867459388237,0.39043948864529116,occupation
2412,28387.99477007,13161.33449314355,0.6764371920789805,occupation
2529,27733.24838225,12586.254697863495,0.19220672276945888,occupation
2622,26349.31495841,4942.631141704771,0.2776622487060583,occupation
1222,26316.31956143,12819.334163836153,0.25289598479288183,occupation
5163,26117.54554918,3428.4323765027993,0.17842347947504025,occupation
3256,25858.90714811,2035.4888781170994,0.22967119841771966,occupation
3514,25822.44891132,6331.471262725796,0.40802530170380874,occupation
7321,25772.64182859,2662.772278609814,0.30569373979913533,occupation
4223,25609.47580448,2185.8918351420075,0.08578204647572335,occupation
3111,25552.846551309998,5016.102534559968,0.437508987494541,occupation
6114,25324.93407018,1992.2734776731768,0.34263502179305705,occupation
4132,25077.84759656,2150.2812628148295,0.1350893764043488,occupation
8114,25069.00030422,2028.550996620857,0.06863595576145469,occupation
8171,24384.21497354,2956.947798173922,0.1354382515054809,occupation
7311,24340.89165485,2708.272790380587,0.23024609748850491,occupation
3421,24011.58779814,48443.386186263575,1.371212003305975,occupation
8311,22885.72041767,3900.2432634296183,0.07046511623386284,occupation
2651,22874.544303579998,3058.7022260694844,0.32340631261185265,occupation
2654,22692.4715992,6623.83068699518,0.23326162614321855,occupation
8189,21988.317317920002,3699.978917318745,0.4153730000300435,occupation
7232,21914.23148073,6232.472374061849,0.23442696061155446,occupation
3153,21459.28640891,14509.334330354139,0.30840303026157856,occupation
3240,21321.97047334,1718.9585511398063,0.10311590799424712,occupation
9129,21006.96607983,3323.077056531681,0.5026272352061348,occupation
3353,20351.58364827,10207.531522120884,0.07376338612253364,occupation
7323,19923.54455713,2614.8094103415574,0.10444462550341102,occupation
7224,19893.522849009998,2428.932387366236,0.06316978285928551,occupation
5111,19187.13271494,7221.213052083746,0.1314521126889263,occupation
6123,19091.2338002,2960.232749393827,0.6406794692130231,occupation
2519,18762.55271992,6818.724265800654,0.3300786753938742,occupation
8151,18757.14538747,2144.002063844873,0.03549080410375498,occupation
4227,18611.68930016,3807.527984756529,0.16851000177959155,occupation
7211,17975.37193502,2700.7755107870203,0.07619566791615015,occupation
8112,17512.29149605,2714.7148752165767,0.12039682251658207,occupation
2424,17394.60542083,5771.419986421458,0.171865985628148,occupation
3139,17328.57467437,2589.1704763356443,0.12820273493247772,occupation
3135,16878.91524473,3326.063532083049,0.0512283772576654,occupation
2655,16851.19352855,3980.1182690440687,0.1851324797279416,occupation
9216,16779.55162472,1223.30146720635,0.2555508288911037,occupation
1213,16664.95408738,13586.398207948161,0.23517343459989468,occupation
3152,16162.84511557,8612.079498532026,0.41515423401847207,occupation
7114,15935.816005730001,2488.595797977354,0.04132415789306928,occupation
7221,15888.21103734,2247.4927661088163,0.13799559074693188,occupation
8157,15457.88045876,2595.453503472568,0.09095599467669524,occupation
7535,15319.56411618,2169.129071450363,0.06277429276121976,occupation
0000,15248.26279685,5957.379048983517,0.6168044255678987,occupation
2356,15076.4783257,2816.134678902609,0.23906737636318617,occupation
6221,14748.59031842,2047.064526177247,0.2552316454446631,occupation
2523,14639.1986848,5793.653310071642,0.3408362891051678,occupation
5161,14472.74527514,4475.186635501811,0.32707073139998344,occupation
4419,14466.72786428,3111.10778376363,0.3002773799897371,occupation
2643,13946.6137663,5823.42431919885,0.2504834424604139,occupation
4411,13827.70163006,2850.465366527666,0.43451996837625073,occupation
3331,13672.94602915,3688.455742001688,0.26742480883697634,occupation
0511,13583.00636278,15632.638959337313,0.08540616637856462,occupation
3121,13470.47376774,8875.357118747806,0.2921267645698704,occupation
9622,12896.02914854,3295.081434673892,1.1775406759096712,occupation
2120,12792.86408514,7728.863754984696,0.09770700010833104,occupation
7516,12668.449482330001,1244.0662708774291,0.08227449807472394,occupation
3141,12324.31009228,1714.6212967074184,0.2815948858704228,occupation
2513,11828.44310118,5405.3275080727835,0.21560221238063465,occupation
2114,11490.70801236,12886.209366719302,0.16736502917793686,occupation
2164,11183.76489763,8136.086427615491,0.06369860336077944,occupation
3324,11138.03744302,4556.374696270527,0.3582460662027136,occupation
3131,11113.814996699999,5811.316097027734,0.3106271329925545,occupation
1114,10924.65897449,9846.364779791114,1.0504947935403335,occupation
9123,10647.02400315,3573.8231281338476,0.24623930302047548,occupation
3314,10369.85915806,4418.268467166737,0.37289958799036965,occupation
9332,10291.94541155,805.001083622003,0.21076325444508495,occupation
3258,10239.71577796,2283.826207695664,0.09470297114157886,occupation
1341,9907.40856698,6482.21400330691,0.1928699138711285,occupation
7549,9379.02569716,1988.914490014432,0.05884441746629138,occupation
6130,8929.51155162,3380.8568025187737,0.1635409061437298,occupation
8111,8836.57378651,3358.6781707721107,0.06761379628316487,occupation
1322,8640.84975461,15416.394304629983,0.4032414690416362,occupation
2153,8578.77048455,8403.199863995142,0.17877596467553172,occupation
3333,8421.74352735,4813.393453997174,0.09796028589960708,occupation
9213,8395.54561945,1994.8210665470638,0.09292025989718802,occupation
5169,7830.50867371,2539.2781431568196,0.27919680398521934,occupation
2422,7710.52606704,10212.645256065443,0.24076833428323086,occupation
3134,7624.21228185,7478.815336931472,0.43634463384472516,occupation
3222,7347.43008755,2323.48579017482,0.05051448418512458,occupation
2632,7319.00029123,9299.371709015531,0.3132590262201794,occupation
9613,7277.57691633,1734.1979633945905,0.0029947589528051127,occupation
7315,7030.62348214,1779.4640801087169,0.16116253830501864,occupation
7133,6830.27141302,3990.245691565252,0.33824604220784055,occupation
3254,6316.5357642300005,3789.8838897538308,0.16453468226022183,occupation
7312,6063.48433661,4737.577719258097,0.481681391547777,occupation
2146,6034.75959433,9698.57614503925,0.4191025125169068,occupation
3433,5744.19741179,1485.485001886692,0.09075916176483864,occupation
1343,5713.04337587,4968.7162803629535,0.013962568711676284,occupation
2165,5217.54726615,8384.938897781181,0.09780742332291126,occupation
2621,5073.63635244,7808.991418376104,0.26593869245001095,occupation
3315,5046.616079,7220.761980734396,0.44724403409707014,occupation
8159,4926.40898523,2212.85719903591,0.021564012423612323,occupation
7316,4793.41284579,2034.7596216903014,0.17512294324442718,occupation
3143,4721.75548919,4691.983597578346,0.08917889959566144,occupation
7521,4535.29486264,2281.110760116701,0.006578409006751842,occupation
3133,4500.30185257,3790.813106024568,0.2551374837043816,occupation
2162,4315.78607101,6649.612274857009,0.16631057577545816,occupation
2434,4303.33565317,7621.527862646253,0.24686294016316213,occupation
2653,4285.02197148,2629.992600238666,0.3194594827113654,occupation
5162,4028.77930237,1282.2616330147546,0.18276133331829714,occupation
3354,3313.3661372,2662.679123469627,0.12396962914451873,occupation
3155,3293.06201857,4757.181132485658,0.13065869325333304,occupation
3151,3163.96341113,11207.582360757431,0.1608774312424793,occupation
3413,3162.62214468,1848.4977209907886,0.2003630898122927,occupation
5168,3108.04048085,2563.7476492384085,0.2258748301707296,occupation
8312,3096.55115642,2590.8453458554277,0.028100571635794016,occupation
8132,2930.20676992,9008.589171960335,0.8357498361587876,occupation
2263,2799.41141892,3716.0809002784476,0.03665432514505372,occupation
3154,2606.2861979500003,3414.4423701766164,0.20965246216159572,occupation
8155,2250.80384327,2688.3816204828904,0.05685751168429836,occupation
7542,2241.45712551,2091.401648056001,0.053805305538807906,occupation
3252,2178.6576172,7451.862621471113,0.16741350732676982,occupation
2267,1748.45731086,4698.818148747948,0.2615388703624128,occupation
2612,1565.86939966,34805.10318929135,0.03195243934680877,occupation
1344,1534.18858791,3113.3092032947634,0.03679069450887771,occupation
2112,1516.34617568,7323.7787455030375,0.08703457546282332,occupation
2230,1329.1614639,2046.5139452529686,0.4792138223743635,occupation
9624,1261.98832128,2781.84494982562,0.3905461294307319,occupation
5241,996.3055973200001,1735.141550062731,0.22017068867755815,occupation
4131,851.49361732,4723.6763755722,0.0013805086033197855,occupation
2111,832.15020599,4144.4228233635795,0.5801649051594144,occupation
7215,804.9373809699999,1488.6393745194687,0.05272181714926955,occupation
1312,752.26856876,3683.7134296465883,0.040574201511765634,occupation
2633,705.52828216,20315.136240328036,0.1336995807904598,occupation
2659,613.67590815,4381.180833577163,0.05210052506866272,occupation
4413,561.47152471,2700,NA,occupation
7541,532.3693081700001,2439.267556069394,0.08974809391989022,occupation
2240,524.86706072,10000,NA,occupation
3351,231.23535244,1621,NA,occupation
6129,196.96949891,3000,NA,occupation
São Paulo,24433354.43717774,4270.207279486526,0.45103119744445996,state
Minas Gerais,10615594.02157013,3347.1001292507212,0.406384262797213,state
Rio de Janeiro,8159061.28799117,4204.058509387459,0.6005393190351949,state
Bahia,6324304.06741777,2401.8052211457457,0.49522972255105685,state
Paraná,6195551.07575861,4054.8505837795055,0.4122779191296997,state
Rio Grande do Sul,5788485.96030585,3992.145517741645,0.408168805307903,state
Santa Catarina,4467082.23614985,4231.866556732652,0.3314628032157247,state
Goiás,3817414.19452113,3771.1743858418668,0.5081252548459975,state
Pernambuco,3665290.50693004,2711.4630775901055,0.4886973777851833,state
Ceará,3555424.11495634,2481.4395023048155,0.5258498680070967,state
Pará,3554129.28988937,2449.424725777977,0.4745576817449328,state
Maranhão,2588515.42166407,2177.330878946489,0.46637281761864874,state
Mato Grosso,1978857.30715148,3855.0205486940918,0.3575666161597729,state
Espírito Santo,1968707.55060253,3571.439598386038,0.41320846375365305,state
Paraíba,1678460.41482988,2640.811210368782,0.5206172768827898,state
Amazonas,1639132.24116629,2705.43697087009,0.45610531729292403,state
Distrito Federal,1556484.33737637,6464.376312837204,0.545999224127886,state
Mato Grosso do Sul,1416337.47065063,3657.9488046974984,0.34603929450250026,state
Rio Grande do Norte,1361202.26733068,2815.3258181385213,0.5243344827814529,state
Piauí,1306811.38887824,2443.8470503383605,0.5069009284360063,state
Alagoas,1168740.63155938,2419.3090578964834,0.4253524509977259,state
Sergipe,934508.82946048,2853.0389223845195,0.5882282809063594,state
Rondônia,800826.01093736,3411.693899055505,0.3920602580735137,state
Tocantins,749435.20063437,3173.088663611942,0.3891051124726447,state
Amapá,341729.11697455,3333.1284056384357,0.5822516445979985,state
Acre,314004.52332571,2816.6967783105524,0.37737758132953464,state
Roraima,305459.56113906,3377.6887989446864,0.5186259327368788,state
Médio completo ou equivalente,37919076.38171876,2665.630287143712,0.2595129543986919,education
Superior completo,25792592.82851708,6912.386283436623,0.4033764013061118,education
Fundamental incompleto ou equivalente,16037773.88791247,1964.6218054600201,0.32849707329967465,education
Superior incompleto ou equivalente,6743674.72243016,3174.220253676383,0.3223408684069917,education
Médio incompleto ou equivalente,6345753.38895881,2173.3751426909157,0.4017748309416387,education
Fundamental completo ou equivalente,6337753.30265246,2359.490115020581,0.3988196336350129,education
Sem instrução e menos de 1 ano de estudo,1508278.95415934,1603.9532256945022,0.35779156261715067,education
