occupation,occupation_label,workers,avg_income,avg_income_low,avg_income_upp,avg_hours,sample_n,median_income,rank
1120,1120 - Diretores gerais e gerentes gerais,110297.50111861,22415.826972145624,15720.681885239112,29110.972059052136,45.38590231223968,219,11000,1
2212,2212 - Médicos especialistas,409320.57507415,19292.810581857895,17601.207774312377,20984.413389403413,46.10033295701483,837,15000,2
3355,3355 - Inspetores de polícia e detetives,74244.67810698,14251.602637915712,12230.087518265003,16273.11775756642,42.87107671930723,176,11000,3
0411,0411 - Oficiais de polícia militar,32134.16152657,13924.20700504261,12087.900861568709,15760.513148516511,42.35102971584316,91,12300,4
2619,2619 - Profissionais em direito não classificados anteriormente,167669.29318292,13703.883693588037,12577.111721058256,14830.655666117818,38.177992076850124,447,12000,5
1211,1211 - Dirigentes financeiros,129635.98912142,13693.364666337375,11068.018747870603,16318.710584804146,45.79155425483821,246,8000,6
1330,1330 - Dirigentes de serviços de tecnologia da informação e comunicações,162993.26762521,13569.752465959535,11851.552314963394,15287.952616955676,42.49802350680345,250,10000,7
1349,1349 - Dirigentes e gerentes de serviços profissionais não classificados anteriormente,54317.291472360004,12839.541336413215,9554.252298136842,16124.830374689587,42.89255254069949,127,8000,8
2211,2211 - Médicos gerais,245907.69924483,12550.540803705795,11427.335060449326,13673.746546962264,42.88489055782472,544,12000,9
1323,1323 - Dirigentes de empresas de construção,60353.59772545,12483.472837550951,9781.015389449332,15185.93028565257,47.69623882762486,133,10000,10
2144,2144 - Engenheiros mecânicos,117212.2445246,12137.43957911231,10581.638991065356,13693.240167159263,43.29525358066022,192,10000,11
1221,1221 - Dirigentes de vendas e comercialização,406342.57271141,12085.876203854694,10374.298803545384,13797.453604164004,44.75907223254392,692,8000,12
2310,2310 - Professores de universidades e do ensino superior,324815.81991459,12046.959232660074,11264.76822776008,12829.150237560068,38.13125798760125,798,12000,13
1346,"1346 - Gerentes de sucursais de bancos, de serviços financeiros e de seguros",260669.8583817,11491.918684193337,10009.260609626344,12974.57675876033,40.81185859425681,457,8000,14
2151,2151 - Engenheiros eletricistas,87198.2834168,10916.459279380617,9300.315210305773,12532.603348455461,43.469237607825626,172,9000,15
0110,0110 - Oficiais das forças armadas,69096.59864824,10723.102299065666,8966.81958640059,12479.385011730741,43.358642766172125,149,10000,16
1324,"1324 - Dirigentes de empresas de abastecimento, distribuição e afins",82282.59915135,10486.583092742334,8580.305866951001,12392.860318533667,47.03325050159679,186,7000,17
2149,2149 - Engenheiros não classificados anteriormente,65890.89017959,10364.396977948836,8859.394811222613,11869.399144675059,41.1390860858518,112,9500,18
2512,2512 - Desenvolvedores de programas e aplicativos (software),243198.00104516,10202.340448869678,8464.35621303789,11940.324684701465,41.748524180162306,379,7000,19
2142,2142 - Engenheiros civis,292322.44605251,9902.098112930382,8756.28732542854,11047.908900432223,41.984263227945064,622,7000,20
1219,1219 - Dirigentes de administração e de serviços não classificados anteriormente,527105.5108253,9802.336421361282,8925.842017392906,10678.830825329658,43.81065910346293,1128,6000,21
3352,3352 - Agentes da administração tributária,35536.64393448,9618.262566836953,7815.157620153261,11421.367513520645,37.77107518891291,89,7000,22
2511,2511 - Analistas de sistemas,415968.7607568,9427.044488367543,8724.804426621624,10129.284550113462,42.0258589228744,695,7500,23
2611,2611 - Advogados e juristas,1110566.6313682,9325.25113680475,8620.3610141950885,10030.141259414413,40.914407226118776,2171,5000,24
1212,1212 - Dirigentes de recursos humanos,127857.33551378,9261.322327714117,7736.152517429848,10786.492137998386,42.59968536931623,223,6000,25
2132,2132 - Agrônomos e afins,71679.60036329,9107.102763700635,7885.969809821876,10328.235717579395,41.67211773044097,189,7000,26
2421,2421 - Analistas de gestão e administração,555172.12189858,8764.278159594798,7780.712546044671,9747.843773144925,42.248514945848875,918,5000,27
1111,1111 - Legisladores,53753.32308635,8674.400138354262,7469.44354989817,9879.356726810354,35.423902585396185,131,6062,28
1342,1342 - Dirigentes de serviços de saúde,68071.11018605,8328.404990250734,6357.351659955958,10299.458320545511,42.16071865673717,142,5000,29
2411,2411 - Contadores,640732.48662686,8143.502040718209,7535.095744634249,8751.90833680217,41.977425985374715,1264,5200,30
1311,1311 - Dirigentes de produção agropecuária e silvicultura,62071.600019620004,7986.25055751728,6643.69417814571,9328.80693688885,43.72341477522082,245,5000,31
2261,2261 - Dentistas,393535.2815019,7974.280323612641,7140.832939029798,8807.727708195485,38.15208322323647,773,5000,32
1112,1112 - Dirigentes superiores da administração pública,87144.7742931,7941.960428789072,6759.808112391245,9124.112745186898,41.394291304614704,221,6000,33
1321,1321 - Dirigentes de indústria de transformação,236891.16787313,7905.008712505639,7204.675309241485,8605.342115769792,43.73519724961483,458,6000,34
0512,0512 - Graduados e praças do corpo de bombeiros,61354.83987183,7802.8363991204815,7040.424737111983,8565.248061128981,44.56043088075041,145,6500,35
2131,"2131 - Biólogos, botânicos, zoólogos e afins",80192.82230685,7572.604525974215,3675.215336102549,11469.993715845882,42.99161818941416,169,4500,36
2433,2433 - Profissionais de vendas técnicas e médicas (exclusive tic),48949.82005358,7487.95564989016,5926.4581206637795,9049.453179116541,41.62403458953586,88,5100,37
5412,5412 - Policiais,154409.35267617,7371.821122769586,6778.753725238642,7964.888520300529,42.73427906185671,367,5500,38
3311,"3311 - Agentes e corretores de bolsa, câmbio e outros serviços financeiros",107819.00779065,7356.092712084669,6229.048233028752,8483.137191140586,39.28767625900987,180,5000,39
0412,0412 - Graduados e praças da polícia militar,389680.84417541,7322.979758604243,6928.7573283503825,7717.202188858104,43.037470619805234,812,6779,40
5413,5413 - Guardiões de presídios,108809.91951049,7260.519277081752,6712.964249923582,7808.074304239922,42.83316272753782,244,6400,41
2514,2514 - Programadores de aplicações,62949.84094299,7204.166918859888,6258.351873952508,8149.981963767268,41.892066495383155,121,6000,42
3411,3411 - Profissionais de nível médio do direito e serviços legais e afins,426423.61644872,7190.54975613751,6296.84124490857,8084.258267366449,35.80592777064098,907,3500,43
2161,2161 - Arquitetos de edificações,164662.67411639,7040.691397601186,6022.527570045904,8058.855225156467,40.073753678701436,359,5000,44
2413,2413 - Analistas financeiros,233813.05004061,6970.119065125646,6012.571009102514,7927.667121148777,41.20252572827092,311,5000,45
2266,2266 - Fonoaudiólogos e logopedistas,41080.51093066,6841.0198144500655,5899.82440945647,7782.215219443661,39.66116036928934,94,5000,46
1345,1345 - Dirigentes de serviços de educação,147204.42970383,6831.4171782072035,6282.327559805311,7380.5067966090965,42.24443871370349,376,6000,47
1411,1411 - Gerentes de hotéis,38643.93361108,6652.157023467108,4920.256772014316,8384.0572749199,46.000619425964004,99,4000,48
2250,2250 - Veterinários,160628.64904678,6610.375892243988,4946.371998678634,8274.379785809344,40.69989944848636,314,4000,49
1439,1439 - Gerentes de serviços não classificados anteriormente,48456.95541218,6546.01925977922,5139.8881614223665,7952.150358136074,45.3515022556582,87,5000,50
3322,3322 - Representantes comerciais,300939.26192089,6414.625648845508,5403.112737503693,7426.1385601873235,42.75790298526195,577,5000,51
7111,7111 - Construtores de casas,47715.46793433,6390.820779221779,5003.3103295125275,7778.331228931031,41.84444856472549,121,5000,52
2641,2641 - Escritores,43269.24788357,6355.971935410682,4773.031241118873,7938.91262970249,35.516072552043575,82,4000,53
1412,1412 - Gerentes de restaurantes,238398.63797771,6186.989410238282,5429.553724429864,6944.425096046701,47.01029443870229,504,4400,54
2431,2431 - Profissionais da publicidade e da comercialização,478678.50413244,6006.785419777256,5483.297991738142,6530.27284781637,41.64468891862165,751,4500,55
1420,1420 - Gerentes de comércios atacadistas e varejistas,559533.20322096,5965.2907280863965,5489.649861147187,6440.931595025606,46.220364311094635,1254,4000,56
2133,2133 - Profissionais da proteção do meio ambiente,38919.87209537,5869.1174547074625,4837.115140194616,6901.119769220309,37.329572082392986,81,4400,57
2262,2262 - Farmacêuticos,246391.09708887,5719.614046635834,5123.58541110613,6315.642682165538,43.56496522632131,448,4500,58
3334,3334 - Agentes imobiliários,400421.72429638,5707.986405635815,5195.548678219328,6220.424133052301,39.77803814500752,817,4000,59
2634,2634 - Psicólogos,453534.58821251,5660.702203943763,5236.008971573804,6085.395436313723,33.47347552136556,901,4500,60
2221,2221 - Profissionais de enfermagem,580308.54774627,5580.15937318647,5288.060023700598,5872.258722672341,43.14359165082477,1203,4750,61
4211,4211 - Caixas de banco e afins,42373.9952153,5525.602480359391,4085.603653837162,6965.60130688162,37.92729219589241,91,4500,62
2330,2330 - Professores do ensino médio,680302.02270887,5510.410276382853,5313.43445068992,5707.386102075787,38.523369090991366,1621,5000,63
2351,2351 - Especialistas em métodos pedagógicos,370541.52028385,5399.788747104994,4950.350065083565,5849.227429126424,39.64492166860212,876,4500,64
3321,3321 - Agentes de seguros,186099.56500817,5397.927601488103,4514.372077711603,6281.483125264604,41.095119580791994,313,3500,65
3323,3323 - Agentes de compras,170423.67359353,5354.831961360737,4839.764826803186,5869.899095918288,42.401197913735245,293,4000,66
3341,3341 - Supervisores de secretaria,471419.44635902,5273.208460641191,4917.146390191758,5629.270531090624,42.132018781245634,932,4000,67
3343,3343 - Secretários executivos e administrativos,301654.38832178,5229.875036055336,4447.0425371945485,6012.707534916123,38.296909906547356,609,3500,68
4221,4221 - Trabalhadores de agências de viagem,71370.18724708,5208.4904634232,3197.295934555138,7219.684992291262,39.745216989536985,124,3700,69
3332,3332 - Organizadores de conferências e eventos,185262.94610864,5171.045224828852,4095.0923827309266,6246.998066926777,36.893603787349406,360,3200,70
2269,2269 - Profissionais da saúde não classificados anteriormente,80876.55619234,5144.620007829418,4029.259549274432,6259.980466384403,35.62278156615453,143,4500,71
2264,2264 - Fisioterapeutas,318681.9764868,4962.66164523136,4619.297754817402,5306.025535645318,38.611598386555706,641,4000,72
2423,2423 - Especialistas em políticas e serviços de pessoal e afins,282434.51767728,4925.611956038187,4289.299976334025,5561.9239357423485,41.848909478972715,458,3500,73
2642,2642 - Jornalistas,239030.15675017,4922.186050469087,4118.986980600758,5725.385120337415,37.82484661224199,427,3500,74
2265,2265 - Dietistas e nutricionistas,155449.99568916,4881.518825962199,4039.5170057529913,5723.520646171407,36.31500250886334,343,3500,75
3432,3432 - Desenhistas e decoradores de interiores,47035.57581053,4875.603512499091,3576.9843018182783,6174.222723179904,39.61100503806878,90,3500,76
3142,3142 - Técnicos agropecuários,39635.02667869,4858.700727656625,4090.4879609335267,5626.913494379723,41.66106877169272,120,3500,77
3123,3123 - Supervisores da construção,171236.21593811,4805.940523900432,4340.003471018792,5271.877576782072,42.8589569539157,313,4000,78
5419,5419 - Trabalhadores dos serviços de proteção e segurança não classificados anteriormente,56095.26123386,4797.326536644606,3984.016527125422,5610.63654616379,39.14319635154959,113,3200,79
3257,"3257 - Inspetores de saúde laboral, ambiental e afins",203011.57832504,4792.806820563274,4321.077427293363,5264.536213833186,42.04261397577851,396,3500,80
4312,"4312 - Trabalhadores de serviços estatísticos, financeiros e de seguros",126725.75630565001,4762.9462853555115,4312.407633315328,5213.484937395695,38.9440687227641,248,4000,81
3313,3313 - Contabilistas e guarda livros,167353.98935025,4727.08555508203,3923.310156084716,5530.860954079344,39.03556991804027,330,3000,82
3122,3122 - Supervisores de indústrias de transformação,279981.38158167,4570.271942829773,4193.949739285175,4946.594146374371,43.086505078391234,496,4000,83
2166,2166 - Desenhistas gráficos e de multimídia,159439.77564764,4514.044009656039,3929.4370375711737,5098.650981740904,38.56338830306721,295,3000,84
2320,2320 - Professores de formação profissional,111839.36838181,4450.922574291319,3537.907786815127,5363.93736176751,38.755385946299214,213,3000,85
2341,2341 - Professores do ensino fundamental,1488103.02378275,4409.453173878678,4271.734973371885,4547.171374385472,35.367570759727464,3798,4000,86
3115,3115 - Técnicos em engenharia mecânica,214570.7662641,4403.175588615615,3900.501767412583,4905.8494098186475,42.126746869819286,403,3000,87
4412,4412 - Trabalhadores de serviços de correios,55609.25419428,4394.5245283495115,3996.348334820446,4792.700721878577,41.70081949253743,101,4000,88
3434,3434 - Chefes de cozinha,63126.85453682,4380.715392454069,3368.8741678226165,5392.556617085522,47.771747377019935,104,3500,89
0210,0210 - Graduados e praças das forças armadas,256575.21899464,4368.5141619851165,3906.9146200957957,4830.113703874437,42.5961352476434,524,3000,90
2635,2635 - Assistentes sociais,158045.38599562,4315.575263730074,3677.7932242990464,4953.357303161101,36.711354484620614,346,3200,91
3117,3117 - Técnicos em engenharia de minas e metalurgia,73971.5686311,4156.904787987964,3427.101214201167,4886.70836177476,43.81887686762726,98,3000,92
5221,5221 - Comerciantes de lojas,3217584.23401134,4152.792693868725,3946.2837667364315,4359.301621001018,45.7719909551867,7588,3000,93
3114,3114 - Técnicos em eletrônica,135636.36382115,4112.805839652794,3575.0785475934417,4650.533131712146,41.769553526970206,237,3000,94
3116,3116 - Técnicos em química industrial,46651.15397881,4110.979648835005,3544.2584126939937,4677.700884976016,40.727006465938125,81,3600,95
3513,3513 - Técnicos de redes e sistemas de computadores,269266.10086354,4106.089059911389,3669.540321106995,4542.637798715783,42.30041892830069,507,3000,96
3511,3511 - Técnicos em operações de tecnologia da informação e das comunicações,228432.1075964,4099.509995707791,3619.4994412714186,4579.520550144163,38.39830071897207,396,3000,97
3112,3112 - Técnicos em engenharia civil,139350.66568674,4093.895619768565,3648.618677540283,4539.172561996847,40.36015938473458,289,3100,98
2352,2352 - Educadores para necessidades especiais,41202.39115736,3994.082049243482,3497.329408556114,4490.83468993085,36.76556344801813,85,3800,99
7233,7233 - Mecânicos e reparadores de máquinas agrícolas e industriais,603343.6837078,3977.706319973793,3764.886328987706,4190.526310959881,43.21600647183227,1200,3150,100
3339,3339 - Agentes de serviços comerciais não classificados anteriormente,242923.03215335,3940.8349294658274,3594.3363981276816,4287.333460803973,38.46049879343562,471,3000,101
8350,8350 - Marinheiros de coberta e afins,62768.01847729,3887.1838840209125,3230.71656473787,4543.651203303954,42.88197028240328,187,3000,102
9311,9311 - Trabalhadores elementares de minas e pedreiras,38685.06807541,3854.4389773453727,2509.59279922063,5199.285155470116,42.66612521969736,114,2000,103
3118,3118 - Desenhistas e projetistas técnicos,62642.10585817,3832.4271793320913,3262.592384044822,4402.26197461936,41.825440232171985,106,3200,104
3521,3521 - Técnicos de radiodifusão e gravação audiovisual,144529.04679389,3824.204853727505,3287.2796875408353,4361.130019914174,38.89972648706299,262,3000,105
2342,2342 - Professores do ensino pré-escolar,851723.37099562,3814.9471806491965,3636.5085618708704,3993.3857994275227,34.84336703025498,1774,3242,106
3422,"3422 - Treinadores, instrutores e árbitros de atividades esportivas",56296.72179051,3811.701398035945,2300.010567350395,5323.3922287214955,31.163253982080168,120,2200,107
3431,3431 - Fotógrafos,146958.28450188,3811.3857461844023,3333.663162293298,4289.108330075506,37.126314499780534,257,3500,108
3113,3113 - Eletrotécnicos,207652.69468806,3799.5803619599606,3523.321809501409,4075.838914418512,41.825718380977065,381,3400,109
3211,3211 - Técnicos em aparelhos de diagnóstico e tratamento médico,71658.67548666,3724.3330320130476,3259.7019904320546,4188.96407359404,37.852296131471896,152,3050,110
3119,3119 - Técnicos em ciências físicas e da engenharia não classificados anteriormente,141621.43818735,3716.022769000324,3244.2608584872487,4187.784679513399,37.80304974666991,256,2600,111
3522,3522 - Técnicos de engenharia de telecomunicações,60358.87569435,3666.162664795684,3104.4907322666795,4227.834597324689,43.53735789897386,108,2800,112
8332,8332 - Condutores de caminhões pesados,2017116.97154191,3626.1140110124015,3487.0322137853514,3765.1958082394517,45.073757590165016,4369,3000,113
7123,7123 - Gesseiros,142647.53203308,3624.3535454100097,2072.1143895225237,5176.592701297495,40.69050822758965,295,2300,114
2353,2353 - Outros professores de idiomas,105072.61850427,3603.607421001741,3041.919779418994,4165.295062584488,30.92122360592752,182,2500,115
7222,7222 - Ferramenteiros e afins,63507.63419397,3600.5245341783175,2678.880123167839,4522.168945188796,43.27400346214617,111,2900,116
5244,5244 - Vendedores por telefone,344455.88824679,3558.7740765619574,3037.5484535262194,4079.9996995976953,39.25588546666852,553,2200,117
3423,3423 - Instrutores de educação física e atividades recreativas,414594.63931254,3522.47039021249,3167.5999233165135,3877.340857108467,36.653464561033644,801,2500,118
2656,"2656 - Locutores de rádio, televisão e outros meios de comunicação",44004.269672329996,3519.8286952186036,2789.3919707942687,4250.2654196429385,36.2204902588612,100,2700,119
3512,3512 - Técnicos em assistência ao usuário de tecnologia da informação e das comunicações,95114.20280913,3495.8241380491445,2917.789476877735,4073.858799220554,40.635424865305694,124,3000,120
3212,3212 - Técnicos de laboratórios médicos,71879.9942423,3474.538442261546,2975.6716801651282,3973.405204357964,41.500346086064866,153,3000,121
2652,"2652 - Músicos, cantores e compositores",111339.72512545,3474.048738743769,2922.558573936776,4025.5389035507615,27.154942667276774,232,2750,122
3253,3253 - Trabalhadores comunitários da saúde,457814.86487582,3466.620342555314,3335.0343616770047,3598.2063234336233,39.841263881926636,1266,3200,123
2636,"2636 - Ministros de cultos religiosos, missionários e afins",88100.09415941,3439.058592277134,3062.237321395297,3815.8798631589707,42.02478841528465,227,3000,124
3214,3214 - Técnicos de próteses médicas e dentárias,51084.90874805,3430.611071021902,2842.9928667168733,4018.2292753269303,42.56542926350715,90,2500,125
7413,7413 - Instaladores e reparadores de linhas elétricas,74795.62658073001,3382.575761769553,2957.1196119817064,3808.0319115574,43.33615198377424,166,3000,126
2354,2354 - Outros professores de música,48301.87126599,3370.143890186935,2742.709718308217,3997.5780620656533,32.29166477407242,90,3000,127
7122,"7122 - Aplicadores de revestimentos cerâmicos, pastilhas, pedras e madeiras",101004.05816492,3324.715610833256,2820.3235363794997,3829.1076852870124,41.595973761288406,191,2900,128
8343,"8343 - Operadores de guindastes, gruas, aparatos de elevação e afins",75016.47065208,3282.53412706822,2995.877541982012,3569.190712154428,43.52957678765988,161,2800,129
5222,5222 - Supervisores de lojas,379527.23689918,3231.368523612443,3051.9391384000837,3410.797908824802,44.57308979885622,708,2700,130
7543,7543 - Classificadores e provadores de produtos (exceto de bebidas e alimentos),222668.02741122,3231.196294445937,2911.068622033633,3551.323966858241,43.06906358685281,385,2600,131
5411,5411 - Bombeiros,42752.39710693,3217.321817881469,2640.715212898676,3793.9284228642623,42.56704953204601,93,3000,132
8342,8342 - Operadores de máquinas de movimentação de terras e afins,301506.08649539,3192.5511990358887,3009.0612014982717,3376.0411965735057,42.670976128212864,717,3000,133
7522,7522 - Marceneiros e afins,389101.93001614,3191.4302323776424,2741.9123915864943,3640.9480731687904,42.194670376374354,817,2500,134
7126,7126 - Bombeiros e encanadores,184076.28389764,3177.671972581014,2366.6115035180624,3988.7324416439656,41.325072882708746,398,2500,135
7223,7223 - Reguladores e operadores de máquinas-ferramentas,291591.12369788,3168.9658289558547,3015.4796624724604,3322.451995439249,42.89130773112364,465,3000,136
3221,3221 - Profissionais de nível médio de enfermagem,1162559.42251963,3157.489319173764,3068.7066264838345,3246.272011863694,41.788961501769684,2531,3000,137
7113,"7113 - Canteiros, cortadores e gravadores de pedras",79386.02398219,3140.1258831051296,2668.3675911504615,3611.8841750597976,42.56702467246462,156,2500,138
4311,4311 - Trabalhadores de contabilidade e cálculo de custos,285829.29666556,3129.4263159155544,2867.857916689157,3390.994715141952,41.00527023948571,538,2600,139
8331,8331 - Condutores de ônibus e bondes,456416.15406406,3115.8190209413574,2979.4370471346824,3252.2009947480324,43.738696326124355,985,3000,140
7213,7213 - Chapistas e caldeireiros,433290.30076183,3083.610668473812,2824.9433103828856,3342.2780265647384,42.2760411906878,882,2500,141
4323,4323 - Trabalhadores de serviços de transporte,145369.33433151,3071.3534277172143,2678.8877198981763,3463.8191355362524,43.55724708721089,202,2270,142
8121,8121 - Operadores de instalações de processamento de metais,95834.54596226,3031.1533976759606,2821.8282707631497,3240.4785245887715,42.58380188985559,157,3000,143
6121,6121 - Criadores de gado e trabalhadores qualificados da criação de gado,1313714.50379733,2987.708331154821,2794.5698841542835,3180.846778155358,42.96770524622325,6301,2000,144
5249,5249 - Vendedores não classificados anteriormente,562617.29141028,2980.385631213017,2489.761852967112,3471.0094094589217,35.01245374418109,1367,2000,145
8322,"8322 - Condutores de automóveis, taxis e caminhonetes",2149570.79427698,2973.1731889931916,2889.994556680806,3056.3518213055772,44.24334839996824,4384,2500,146
7231,7231 - Mecânicos e reparadores de veículos a motor,1377066.45814616,2959.682958323767,2826.6495560010294,3092.716360646504,43.156089925213244,2839,2200,147
4110,4110 - Escriturários gerais,3836980.85043544,2956.106292039745,2872.8298684926726,3039.382715586817,38.922963940368824,8272,2200,148
8122,"8122 - Operadores de máquinas polidoras, galvanizadoras e recobridoras de metais",58184.979475989996,2938.88448345477,2689.8125404691,3187.95642644044,43.17901794060026,95,2800,149
3412,3412 - Trabalhadores e assistentes sociais de nível médio,105194.85345801,2929.1859060818133,2611.1829270983653,3247.1888850652613,40.26048889403214,268,2200,150
8341,8341 - Operadores de máquinas agrícolas e florestais móveis,363152.78610075,2927.672612790565,2823.265399809074,3032.0798257720558,45.03164136471233,1198,2800,151
7515,7515 - Trabalhadores da degustação e classificação de alimentos e bebidas,46587.21641988,2920.080386715939,2381.650633311139,3458.510140120739,40.400673586355,91,2300,152
7412,7412 - Mecânicos e ajustadores eletricistas,328525.50971813,2909.7751599332455,2711.365242391535,3108.185077474956,40.097890864119115,657,2500,153
5164,5164 - Cuidadores de animais,156432.78866086,2909.6118247218606,2354.2340722143094,3464.9895772294117,39.09807097562999,315,2000,154
7132,7132 - Lustradores,180464.99968387,2908.138150806907,2679.385800063546,3136.8905015502683,43.31539933596169,355,2700,155
8182,8182 - Operadores de máquinas de vapor e caldeiras,45750.67867744,2903.3490536377667,2568.5758015449974,3238.122305730536,42.843822986201005,92,2500,156
8211,8211 - Mecânicos montadores de maquinaria mecânica,106103.21882309,2902.3217274892936,2574.4196166843208,3230.2238382942664,42.27597370742308,148,2500,157
7411,7411 - Eletricistas de obras e afins,438689.38447121,2879.058847837003,2699.3454613480785,3058.772234325928,39.59458540371147,899,2500,158
7212,7212 - Soldadores e oxicortadores,310358.09134406,2866.5210633771485,2722.6169717910307,3010.4251549632663,42.21254067855892,604,2804,159
7422,7422 - Instaladores e reparadores em tecnologias da informação e comunicações,280934.8098538,2821.0614482848073,2560.7624904187333,3081.3604061508813,41.170674466429325,589,2200,160
7523,7523 - Operadores de máquinas de lavrar madeira,75940.02815782,2714.675525027367,2424.0121930108253,3005.3388570439083,41.88020892039631,136,2300,161
4120,4120 - Secretários (geral),474683.04149711,2702.0101142244625,2543.78350639983,2860.236722049095,38.852671906250215,1008,2000,162
8344,8344 - Operadores de empilhadeiras,322122.29709772,2701.9588810871087,2585.1664576845915,2818.751304489626,43.33046949971125,575,2500,163
2359,2359 - Profissionais de ensino não classificados anteriormente,206827.24636012,2699.9577095784516,1931.0698394404944,3468.845579716409,28.05771661539991,467,1500,164
5243,5243 - Vendedores a domicilio,1081210.0521607,2688.4983810083345,2497.3916897994422,2879.6050722172267,34.351432057544564,2499,2000,165
7121,7121 - Telhadores,49110.18077893,2685.3488122919603,2185.0000631244725,3185.697561459448,38.12808751996488,80,2000,166
6122,6122 - Avicultores e trabalhadores qualificados da avicultura,140300.48915724,2677.0252419558647,1884.6771896480773,3469.373294263652,40.630610214194284,578,1621,167
4416,4416 - Trabalhadores do serviço de pessoal,63684.39506962,2652.984748526705,2428.0727902126687,2877.8967068407414,41.18238576382491,110,2500,168
7112,7112 - Pedreiros,2695851.92784956,2649.4257110784047,2577.357399134177,2721.4940230226325,40.28351940613217,6064,2200,169
7127,7127 - Mecânicos-instaladores de sistemas de refrigeração e climatização,84887.82596832,2646.8104057951837,2309.3687930041706,2984.2520185861968,38.885166204542124,192,2000,170
8131,8131 - Operadores de instalações e máquinas de produtos químicos,57468.88058802,2634.9813699339115,2346.41467619988,2923.548063667943,42.29311155878668,89,2400,171
8154,"8154 - Operadores de máquinas de branqueamento, tingimento e limpeza de tecidos",52877.90660915,2630.763128474745,2315.980017355564,2945.5462395939257,42.72327883725057,96,2500,172
7534,"7534 - Tapeceiros, colchoeiros e afins",93304.34546803,2629.880933819469,2278.5697618195227,2981.1921058194157,41.766982981503794,184,2000,173
7214,7214 - Montadores de estruturas metálicas,139039.55893084,2618.4159795606456,2461.8188723555613,2775.01308676573,41.95842538673123,276,2500,174
5165,5165 - Instrutores de autoescola,43443.42685928,2607.869346077506,2279.003878347198,2936.734813807814,42.80718782342833,92,2500,175
5141,5141 - Cabeleireiros,1139153.72010663,2597.13466603297,2471.03220303841,2723.23712902753,38.343004633477044,2295,2000,176
8142,8142 - Operadores de máquinas para fabricar produtos de material plástico,157162.71738338,2567.3053601023466,2391.3501805826345,2743.260539622059,43.00884592766743,266,2300,177
2355,2355 - Outros professores de artes,38272.98707753,2549.9483848418236,2103.858829766927,2996.03793991672,28.426149604522912,102,1800,178
5321,5321 - Trabalhadores de cuidados pessoais em instituições,85146.20159035,2546.6239095090364,2257.786670896664,2835.4611481214088,42.04369215770421,137,2300,179
8141,8141 - Operadores de máquinas para fabricar produtos de borracha,166542.48052755,2542.700877580001,2232.757212883811,2852.644542276191,45.19034594817462,330,2000,180
7131,7131 - Pintores e empapeladores,649009.37591804,2538.835564682564,2422.1488618760545,2655.5222674890733,39.53579316702146,1381,2000,181
5414,5414 - Guardas de segurança,1332754.77745464,2536.174608874184,2460.9748398294028,2611.374377918965,43.022153496861534,2882,2200,182
7421,7421 - Mecânicos e reparadores em eletrônica,74651.72821449,2532.5030105272826,2092.710004091028,2972.296016963537,38.06918947873986,158,2000,183
6111,"6111 - Agricultores e trabalhadores qualificados em atividades da agricultura (exclusive hortas, viveiros e jardins)",2039652.8498376,2521.1774256742406,2287.4573541215414,2754.89749722694,38.779488466211426,8183,1600,184
4225,4225 - Trabalhadores dos serviços de informações,114406.98780339,2511.746471092145,1820.1490068014593,3203.3439353828308,39.85262783709982,232,1800,185
7125,7125 - Vidraceiros,73852.60494283,2503.21765638883,2289.4314862102456,2717.0038265674148,41.69944477514689,161,2400,186
8181,8181 - Operadores de instalações de vidraria e cerâmica,52740.65517402,2496.390883470727,2265.344514160996,2727.4372527804585,42.50593352915881,129,2400,187
5112,5112 - Fiscais e cobradores de transportes públicos,59780.82142434,2486.037434198901,2115.464264451471,2856.6106039463307,44.61165360365979,108,2200,188
8152,8152 - Operadores de teares e outras máquinas de tecelagem,42543.86298396,2442.818416724039,2093.871658535925,2791.765174912153,38.96791630302578,94,2500,189
8212,8212 - Montadores de equipamentos elétricos e eletrônicos,88475.30417693,2442.3316297136494,2238.1700243519517,2646.493235075347,41.01863341780417,184,2200,190
7322,7322 - Impressores,72959.40354735,2441.667716198564,2140.3519515546977,2742.9834808424303,39.62508654847846,147,2000,191
4322,4322 - Trabalhadores de serviços de apoio à produção,74731.15106345,2432.3720412527578,2136.261480078437,2728.4826024270783,41.97548447280687,125,2100,192
3213,3213 - Técnicos e assistentes farmacêuticos,70458.86675336,2396.558854382092,2197.064828718606,2596.0528800455777,41.092064800930125,128,2000,193
7115,7115 - Carpinteiros,190303.44590633,2392.1036824701764,2182.3558446423262,2601.8515202980266,40.769907919968816,498,2000,194
8172,8172 - Operadores de instalações para processamento de madeira,83660.8266906,2374.431905009427,2187.7670210875367,2561.096788931317,41.12410681611106,240,2100,195
8219,8219 - Montadores não classificados anteriormente,197637.56147787,2367.9541286652093,2185.213928839465,2550.6943284909535,40.46927573017052,343,2100,196
6210,6210 - Trabalhadores florestais qualificados e afins,75217.37952729,2347.141843330589,1927.1192384647763,2767.1644481964013,39.77546490773821,221,1621,197
8183,"8183 - Operadores de máquinas de embalagem, engarrafamento e etiquetagem",145445.01639337,2331.407553244954,2219.416070050741,2443.3990364391675,42.78273618443918,269,2200,198
4321,4321 - Trabalhadores de controle de abastecimento e estoques,1077251.09280834,2316.0333095140445,2250.8510844071957,2381.2155346208933,42.256895352871766,2048,2000,199
4224,4224 - Recepcionistas de hotéis,73067.87540326,2300.5449307082513,2105.9856754630064,2495.104185953496,43.873300101586544,159,2000,200
7511,7511 - Magarefes e afins,580708.65000319,2271.396318826522,2173.5412367153544,2369.2514009376896,43.76146974753992,1279,2000,201
7544,7544 - Fumigadores e outros controladores de pragas e ervas daninhas,50509.2854497,2271.0657546810926,1847.9885853508433,2694.142924011342,40.35573542439941,131,1870,202
9329,9329 - Trabalhadores elementares da indústria de transformação não classificados anteriormente,688430.03817398,2258.7631666272023,2167.5066718978737,2350.019661356531,42.41035888567235,1266,2000,203
5329,5329 - Trabalhadores de cuidados pessoais nos serviços de saúde não classificados anteriormente,55438.43006829,2251.8314985948437,2047.7386693970195,2455.924327792668,39.402552873008304,126,1800,204
3344,3344 - Secretários de medicina,83731.31629063,2237.6505861074747,1903.9076942109994,2571.39347800395,40.56701794039554,158,2000,205
3251,3251 - Dentistas auxiliares e ajudantes de odontologia,106149.60785451,2231.018616363757,2034.812020363753,2427.2252123637604,38.533571925890854,262,2000,206
4229,4229 - Trabalhadores de serviços de informação ao cliente não classificados anteriormente,128713.05916909,2216.678696633233,2065.807026550479,2367.550366715987,40.54280436854435,278,2000,207
5153,5153 - Porteiros e zeladores,844548.28147974,2213.3613141390947,2147.5258401427664,2279.196788135423,42.00383471992976,1716,2000,208
7234,7234 - Reparadores de bicicletas e afins,52352.43888578,2207.885331429559,1703.5369857417886,2712.233677117329,41.85353470394628,114,1621,209
9411,9411 - Preparadores de comidas rápidas,143548.95861134,2202.873379017625,1853.1264615255086,2552.620296509742,41.24360444580089,311,1800,210
9312,"9312 - Trabalhadores elementares de obras públicas e da manutenção de estradas, represas e similares",47028.54296387,2191.5505281151804,1959.2865648911957,2423.814491339165,41.73462494494911,98,2000,211
5142,5142 - Especialistas em tratamento de beleza e afins,1423666.00279617,2181.5987286098966,2075.5609756864105,2287.6364815333827,31.7525383719988,2823,1621,212
5223,5223 - Balconistas e vendedores de lojas,3589900.03548287,2166.607667581564,2102.0627226217994,2231.1526125413284,42.50816768918692,7121,1800,213
5245,5245 - Frentistas de posto de gasolina,338240.97015019,2161.783534192058,2048.2373257455192,2275.329742638597,44.61701124665451,704,2000,214
5120,5120 - Cozinheiros,1545001.09472326,2147.896668712193,2023.1414834142893,2272.6518540100965,39.36887835594462,3647,1800,215
5242,5242 - Demonstradores de lojas,147150.08251563,2137.6534246230676,2011.478828980957,2263.8280202651786,43.20586253862163,297,1805,216
7119,7119 - Outros trabalhadores qualificados e operários da construção não classificados anteriormente,204032.34714202,2135.096732685614,1949.5947610619696,2320.598704309258,38.148674889982104,535,1800,217
3255,3255 - Técnicos e assistentes fisioterapeutas,44983.25462317,2129.1091020242984,1860.1733376832638,2398.044866365333,29.733989708267426,115,2000,218
9333,9333 - Carregadores,823370.1813989,2105.582263947281,1776.6240143658786,2434.5405135286833,39.68636076582612,1658,1700,219
6112,"6112 - Agricultores e trabalhadores qualificados no cultivo de hortas, viveiros e jardins",666603.99466031,2072.2295601080123,1893.9561807239158,2250.5029394921085,39.170129009864304,1898,1621,220
9122,9122 - Lavadores de veículos,318497.01684029,2057.8254113750254,1872.1320865399343,2243.5187362101165,40.53321648932841,657,1621,221
7314,7314 - Ceramistas e afins (preparação e fabricação),64860.881676799996,2056.1951857517715,1808.3203944513107,2304.0699770522324,40.44892808347015,178,1621,222
7319,7319 - Artesãos não classificados anteriormente,54019.34009244,2041.7793453681466,1419.7133740670893,2663.845316669204,36.744638218323026,126,1600,223
7512,"7512 - Padeiros, confeiteiros e afins",892610.9719039,2035.053365972073,1949.2253894203188,2120.881342523827,37.87543354723844,1941,1800,224
8156,8156 - Operadores de máquinas para fabricação de calçados e afins,72486.55313634,2028.8911840247326,1896.2356866453645,2161.5466814041006,42.41633563818474,137,1800,225
9520,9520 - Vendedores ambulantes (exclusive de serviços de alimentação),202662.23040685,2026.3299203755685,1690.508328809191,2362.151511941946,37.108653638234095,410,1600,226
8321,8321 - Condutores de motocicletas,1111533.25026591,2023.8890863863337,1949.5593630413919,2098.2188097312755,43.800896353472936,2286,1700,227
4226,4226 - Recepcionistas em geral,1103305.42859731,2018.1030701814313,1912.626902295997,2123.5792380668654,40.068407152863145,2160,1700,228
7536,7536 - Sapateiros e afins,137307.48909656,2010.0445994396678,1779.855631726628,2240.2335671527076,41.54018907297947,234,1800,229
6114,6114 - Agricultores e trabalhadores qualificados de cultivos mistos,25324.93407018,1992.2734776731766,1079.9765855866883,2904.5703697596646,42.091290715232006,101,1500,230
8153,8153 - Operadores de máquinas de costura,726647.85242741,1990.217701718157,1858.7427933670529,2121.6926100692613,40.797699669285294,1446,1621,231
4222,4222 - Trabalhadores de centrais de atendimento,416885.47094802,1983.8826668111149,1868.7405145895798,2099.0248190326497,39.18818726217367,699,1621,232
5312,5312 - Ajudantes de professores,507803.12746281,1949.953300356996,1872.1240614256626,2027.7825392883292,34.997057255359024,1183,1621,233
5211,5211 - Vendedores de quiosques e postos de mercados,412782.4433565,1948.114336750624,1741.6746148491097,2154.5540586521383,34.901030623002136,982,1600,234
9321,9321 - Empacotadores manuais,215029.24148497,1943.1108971803799,1827.361576417844,2058.860217942916,41.20356821141705,426,1800,235
4212,4212 - Coletores de apostas e de jogos,60256.98512017,1904.059530958732,1523.892363605543,2284.2266983119207,40.352175335515525,120,1621,236
8160,8160 - Operadores de máquinas para elaborar alimentos e produtos afins,251520.82655543,1902.6400674941617,1675.223255950726,2130.0568790375974,39.78670483375957,660,1700,237
4214,4214 - Cobradores e afins,68896.66759378,1883.585235103634,1028.1439635090228,2739.026506698245,33.45997263890018,94,1621,238
9611,9611 - Coletores de lixo e material reciclável,273260.40178069,1862.018358191447,1771.8525924107566,1952.1841239721375,39.14475381266678,617,1621,239
5230,5230 - Caixas e expedidores de bilhetes,1086789.80091906,1859.450546143898,1828.7872698383353,1890.1138224494607,43.25593286332334,2199,1700,240
9112,"9112 - Trabalhadores de limpeza de interior de edifícios, escritórios, hotéis e outros estabelecimentos",2784711.76079787,1826.1743108757728,1777.7284465471728,1874.6201752043728,39.49940576914307,6331,1621,241
7531,"7531 - Alfaiates, modistas, chapeleiros e peleteiros",458897.5842062,1813.116903649071,1613.7010387189694,2012.5327685791726,34.22741455809828,984,1518,242
5132,5132 - Atendentes de bar,166281.85424505,1800.0515322415106,1468.2314961315267,2131.8715683514947,41.35771489127137,322,1620,243
9121,9121 - Lavadeiros de roupas e passadeiros manuais,69842.50557345,1799.857082100643,1560.4995582809806,2039.2146059203055,37.219748005889755,150,1621,244
9334,9334 - Repositores de prateleiras,742454.85382464,1785.0725977791717,1723.5742709323756,1846.5709246259678,42.2917260758731,1505,1621,245
5131,5131 - Garçons,478585.04948693997,1779.4311640600138,1691.2838763515854,1867.5784517684422,38.12168247324905,975,1621,246
7513,7513 - Trabalhadores da pasteurização do leite e fabricação de laticínios e afins,77713.92664377,1742.8585468513638,1538.6967278714435,1947.0203658312842,39.355150302445985,273,1621,247
9621,"9621 - Mensageiros, carregadores de bagagens e entregadores de encomendas",59665.57644231,1718.259257597461,1486.6880570102492,1949.830458184673,39.113764131449116,115,1621,248
9412,9412 - Ajudantes de cozinha,775770.79307048,1703.307568475927,1643.0155737960115,1763.5995631558424,38.57714476288196,1585,1621,249
9612,9612 - Classificadores de resíduos,290865.32150037,1670.4789438456785,1113.6957666597982,2227.2621210315588,34.75808707278179,646,900,250
7317,"7317 - Artesãos de pedra, madeira, vime e materiais semelhantes",64425.28648338,1665.679473128268,1378.0635214989939,1953.2954247575422,32.18280856850358,188,1500,251
5322,5322 - Trabalhadores de cuidados pessoais a domicílios,710613.40180004,1661.7499067123347,1601.0156879615715,1722.4841254630978,40.35596389262287,1505,1621,252
5212,5212 - Vendedores ambulantes de serviços de alimentação,288654.39144539,1645.6588584162716,1419.7669103755493,1871.550806456994,34.68548692394376,635,1200,253
5311,5311 - Cuidadores de crianças,978696.38479458,1619.9035932872698,1524.9303906650161,1714.8767959095235,36.19875838998494,2111,1621,254
5246,5246 - Balconistas dos serviços de alimentação,459577.02937368,1581.5720418900532,1497.046106447039,1666.0979773330675,39.67004400757258,861,1621,255
9313,9313 - Trabalhadores elementares da construção de edifícios,1719027.93801199,1556.6439740481308,1506.7935553495342,1606.4943927467273,37.538190761281044,3838,1600,256
9214,9214 - Trabalhadores elementares da jardinagem e horticultura,52230.61327807,1408.9136986435842,1243.9148126542639,1573.9125846329046,35.18336675411489,139,1602,257
9629,9629 - Outras ocupações elementares não classificadas anteriormente,240786.06102295,1351.7681522779799,1224.738705152232,1478.7975994037279,31.633075375654453,670,1100,258
9111,9111 - Trabalhadores dos serviços domésticos em geral,3914602.48839807,1349.5318473654202,1323.7753887856943,1375.288305945146,29.93309833972947,9780,1500,259
9211,9211 - Trabalhadores elementares da agricultura,1230077.03485022,1293.4424904257714,1242.70298578898,1344.181995062563,35.0271950443418,3767,1300,260
9212,9212 - Trabalhadores elementares da pecuária,478827.37268919003,1254.7427124138671,1192.5583902428598,1316.9270345848745,35.29440382927564,2031,1100,261
9215,9215 - Trabalhadores florestais elementares,145910.90075706,1233.5362388055942,1083.0616649689396,1384.0108126422488,32.626452161571194,536,1000,262
7533,"7533 - Costureiros, bordadeiros e afins",143406.79075051,1212.1838029812034,1038.3166491912805,1386.0509567711263,25.87632163186333,334,800,263
7318,"7318 - Artesãos de tecidos, couros e materiais semelhantes",194020.54618515001,1205.9430194368247,1029.4030179842946,1382.4830208893547,28.98749029717,495,1000,264
7514,"7514 - Trabalhadores da conservação de frutas, legumes e similares",32239.887033760002,1135.237620886329,626.8438470174364,1643.6313947552217,29.597122958179447,102,600,265
6225,6225 - Pescadores,269951.931894,1063.9633358845049,843.8256085633462,1284.1010632056634,33.044214269242374,1002,720,266
